Date	Open*	High	Low	Close**	Volume	Market Cap
Aug 02, 2018	29.93	30.17	28.13	28.53	54,152,700	1,945,645,037
Aug 01, 2018	29.97	30.43	28.82	29.89	59,706,400	1,948,331,137
Jul 31, 2018	32.22	32.26	29.55	30.06	69,345,600	2,094,438,686
Jul 30, 2018	33.53	33.53	31.79	32.28	76,035,000	2,179,710,026
Jul 29, 2018	34.03	34.32	33.36	33.60	71,226,496	2,212,047,616
Jul 28, 2018	33.55	33.75	32.85	33.75	67,771,600	2,180,886,528
Jul 27, 2018	33.18	33.95	32.34	33.47	77,205,696	2,156,979,456
Jul 26, 2018	34.21	35.38	32.88	33.24	86,474,304	2,223,773,440
Jul 25, 2018	33.75	35.07	33.55	34.18	92,019,400	2,193,548,288
Jul 24, 2018	32.20	35.41	31.40	34.05	118,100,000	2,093,000,064
Jul 23, 2018	33.25	34.47	32.19	32.19	81,723,000	2,161,250,048
Jul 22, 2018	34.26	34.74	32.94	33.28	74,153,200	2,226,822,144
Jul 21, 2018	33.33	35.06	32.53	34.31	85,597,904	2,166,723,072
Jul 20, 2018	36.06	36.06	33.14	33.38	103,809,000	2,343,945,472
Jul 19, 2018	37.56	37.93	35.70	36.09	99,780,304	2,441,191,936
Jul 18, 2018	39.33	40.21	37.11	37.60	143,288,992	2,556,592,896
Jul 17, 2018	36.89	39.97	35.81	39.32	136,894,000	2,397,772,032
Jul 16, 2018	33.57	37.09	33.09	37.07	128,169,000	2,182,193,152
Jul 15, 2018	32.48	33.96	32.20	33.41	86,309,504	2,111,258,496
Jul 14, 2018	33.16	33.55	31.68	32.62	74,716,704	2,155,412,992
Jul 13, 2018	31.96	33.91	31.96	33.23	127,253,000	2,077,718,400
Jul 12, 2018	33.88	33.88	30.79	31.77	111,093,000	2,201,998,592
Jul 11, 2018	33.46	34.56	32.23	33.91	98,957,504	2,174,958,336
Jul 10, 2018	36.57	36.85	33.32	33.39	193,408,000	2,377,342,464
Jul 09, 2018	39.10	39.30	36.71	36.78	164,582,000	2,541,675,520
Jul 08, 2018	39.27	41.73	38.88	39.13	150,560,000	2,552,796,928
Jul 07, 2018	37.74	39.34	36.45	39.34	88,447,504	2,453,152,000
Jul 06, 2018	40.59	40.71	36.98	37.65	136,135,008	2,638,148,352
Jul 05, 2018	40.49	42.84	39.47	40.74	190,606,000	2,631,654,912
Jul 04, 2018	36.12	42.11	35.38	40.29	216,351,008	2,348,014,336
Jul 03, 2018	36.02	38.24	35.58	36.10	150,783,008	2,341,416,960
Jul 02, 2018	31.35	36.81	31.04	35.98	142,578,000	2,037,535,488
Jul 01, 2018	30.81	31.61	29.76	31.33	72,319,000	2,002,454,912
Jun 30, 2018	29.70	31.85	29.70	30.64	73,997,696	1,930,512,896
Jun 29, 2018	28.36	30.11	27.26	29.64	64,412,600	1,843,705,472
Jun 28, 2018	30.31	30.53	28.23	28.36	52,412,700	1,970,194,304
Jun 27, 2018	30.45	30.58	29.61	30.32	53,013,200	1,979,392,512
Jun 26, 2018	31.63	31.83	30.13	30.31	52,380,500	2,056,182,912
Jun 25, 2018	31.17	32.58	30.75	31.71	58,836,700	2,025,796,224
Jun 24, 2018	34.24	34.31	29.32	31.27	90,829,600	2,225,811,968
Jun 23, 2018	33.09	34.78	33.06	34.27	53,422,000	2,150,573,824
Jun 22, 2018	37.82	37.85	32.41	33.26	84,102,496	2,458,159,360
Jun 21, 2018	38.98	39.69	37.45	37.84	70,598,704	2,533,984,512
Jun 20, 2018	39.93	40.00	37.95	38.93	71,498,704	2,595,280,384
Jun 19, 2018	39.63	41.01	39.18	39.94	75,684,096	2,576,095,232
Jun 18, 2018	38.74	40.40	37.43	39.70	88,125,504	2,517,798,400
Jun 17, 2018	38.57	39.57	38.00	38.76	64,709,800	2,506,903,808
Jun 16, 2018	38.24	39.00	36.99	38.20	67,913,800	2,485,794,304
Jun 15, 2018	40.85	40.94	38.20	38.26	68,554,496	2,655,200,512
Jun 14, 2018	38.31	41.61	38.06	40.85	105,352,000	2,489,917,184
Jun 13, 2018	41.50	41.81	37.25	38.15	98,023,200	2,697,688,320
Jun 12, 2018	45.49	46.44	41.11	41.49	83,302,000	2,956,607,488
Jun 11, 2018	45.56	45.92	43.26	45.60	85,727,200	2,961,513,728
Jun 10, 2018	51.13	51.13	44.60	45.71	99,954,096	3,323,720,192
Jun 09, 2018	52.56	53.45	51.09	51.09	72,333,200	3,416,087,552
Jun 08, 2018	53.55	53.92	51.99	52.59	77,989,800	3,480,608,256
Jun 07, 2018	54.01	54.99	53.18	53.82	78,293,600	3,510,462,720
Jun 06, 2018	54.51	54.61	52.75	53.92	81,572,600	3,543,111,424
Jun 05, 2018	53.50	54.95	52.09	54.45	92,081,000	3,477,658,880
Jun 04, 2018	56.31	57.10	52.61	53.44	91,888,400	3,660,101,376
Jun 03, 2018	56.65	57.80	55.85	56.42	90,826,096	3,682,143,232
Jun 02, 2018	55.63	57.19	54.98	56.76	97,926,200	3,615,885,312
Jun 01, 2018	53.20	56.09	52.95	55.45	102,577,000	3,457,785,088
May 31, 2018	51.44	54.08	50.92	52.93	85,826,000	3,343,510,016
May 30, 2018	52.36	53.31	50.53	51.54	82,723,104	3,403,155,712
May 29, 2018	48.12	53.43	47.96	52.11	106,526,000	3,127,561,472
May 28, 2018	52.86	53.06	47.96	48.26	92,695,200	3,436,200,960
May 27, 2018	52.32	53.03	51.20	52.93	76,785,504	3,400,819,968
May 26, 2018	52.74	54.32	51.55	52.26	84,223,296	3,428,003,072
May 25, 2018	55.10	56.26	52.01	53.03	93,827,504	3,581,539,072
May 24, 2018	52.36	55.12	50.68	54.76	107,696,000	3,403,298,560
May 23, 2018	57.45	57.80	51.81	52.47	109,642,000	3,734,306,048
May 22, 2018	62.41	62.50	57.10	57.38	95,219,600	4,056,541,696
May 21, 2018	63.59	65.85	60.95	62.46	121,919,000	4,133,601,792
May 20, 2018	59.23	63.77	58.75	63.51	89,350,200	3,849,997,568
May 19, 2018	59.66	60.64	58.15	59.17	79,662,304	3,877,988,096
May 18, 2018	57.72	60.28	56.99	59.68	94,202,000	3,751,855,104
May 17, 2018	61.94	63.22	57.18	57.82	96,606,600	4,025,908,736
May 16, 2018	63.06	63.37	59.88	61.85	99,496,200	4,098,809,856
May 15, 2018	66.38	69.34	62.54	63.25	98,810,800	4,314,878,976
May 14, 2018	67.82	69.23	63.19	66.46	130,220,000	4,408,478,208
May 13, 2018	64.76	69.30	63.15	67.76	105,992,000	4,209,407,488
May 12, 2018	63.45	67.61	59.07	64.76	125,551,000	4,124,451,840
May 11, 2018	69.96	70.41	61.45	63.40	177,496,992	4,547,404,800
May 10, 2018	76.32	76.97	70.18	70.18	126,392,000	4,960,569,344
May 09, 2018	77.12	77.21	72.90	76.33	120,422,000	5,013,073,408
May 08, 2018	79.57	81.08	76.03	77.08	126,518,000	5,172,050,944
May 07, 2018	83.59	83.59	76.50	79.29	157,183,008	5,433,503,744
May 06, 2018	84.30	87.94	80.72	83.56	177,590,000	5,479,816,192
May 05, 2018	84.31	86.07	84.16	84.36	128,178,000	5,480,032,768
May 04, 2018	87.70	87.70	82.56	84.26	153,112,000	5,700,725,760
May 03, 2018	84.92	89.68	83.86	87.82	226,830,000	5,519,484,416
May 02, 2018	84.41	85.39	82.84	84.79	137,844,000	5,486,902,272
May 01, 2018	84.37	84.86	79.32	84.64	180,819,008	5,483,982,848
Apr 30, 2018	92.15	94.76	82.86	84.27	377,384,992	5,990,011,392
Apr 29, 2018	76.59	92.52	76.59	91.07	502,971,008	4,978,032,128
Apr 28, 2018	72.42	78.20	72.42	76.75	143,123,008	4,707,531,776
Apr 27, 2018	77.02	77.31	72.67	72.67	133,132,000	5,006,035,968
Apr 26, 2018	71.56	77.24	69.81	77.19	142,338,000	4,651,608,064
Apr 25, 2018	82.49	82.58	69.03	71.38	232,380,992	5,361,908,224
Apr 24, 2018	76.29	84.44	76.24	83.01	214,076,000	4,958,947,840
Apr 23, 2018	73.65	77.80	73.65	76.22	129,211,000	4,787,280,384
Apr 22, 2018	74.53	77.20	73.00	73.76	118,189,000	4,844,570,624
Apr 21, 2018	79.10	79.62	71.16	74.99	172,502,000	5,141,745,664
Apr 20, 2018	74.18	79.47	72.56	79.03	184,820,992	4,821,730,816
Apr 19, 2018	72.55	74.79	70.96	74.13	172,656,992	4,715,594,240
Apr 18, 2018	65.71	73.36	65.71	72.84	146,354,000	4,271,153,920
Apr 17, 2018	67.01	69.85	65.66	65.75	104,953,000	4,355,817,984
Apr 16, 2018	70.12	70.77	64.40	66.70	124,354,000	4,557,692,928
Apr 15, 2018	64.33	70.33	64.33	70.33	126,368,000	4,181,559,808
Apr 14, 2018	62.21	65.45	61.75	63.86	90,798,000	4,043,725,568
Apr 13, 2018	66.66	68.10	61.56	62.21	177,671,008	4,332,714,496
Apr 12, 2018	58.38	66.71	54.91	66.71	272,688,992	3,794,846,976
Apr 11, 2018	52.58	59.46	52.32	58.54	178,200,992	3,417,624,832
Apr 10, 2018	53.20	53.20	49.67	52.62	90,631,296	3,458,028,544
Apr 09, 2018	49.37	56.66	49.37	52.93	267,976,992	3,209,104,640
Apr 08, 2018	46.54	49.19	46.54	49.19	44,671,100	3,025,190,400
Apr 07, 2018	44.91	47.81	44.83	46.42	49,786,600	2,919,095,808
Apr 06, 2018	47.05	47.48	44.59	44.94	46,850,100	3,058,491,392
Apr 05, 2018	47.46	47.85	45.85	47.20	63,650,600	3,084,661,248
Apr 04, 2018	53.38	53.63	46.95	47.55	73,956,800	3,469,676,544
Apr 03, 2018	48.98	54.13	48.63	53.64	84,566,304	3,183,755,776
Apr 02, 2018	47.34	50.30	46.79	48.82	62,854,800	3,077,223,936
Apr 01, 2018	50.34	50.59	45.30	47.30	73,349,000	3,272,063,488
Mar 31, 2018	50.43	52.91	49.97	50.13	68,031,800	3,278,244,608
Mar 30, 2018	51.85	53.58	49.10	50.31	114,151,000	3,370,354,688
Mar 29, 2018	57.31	57.40	51.45	51.88	110,023,000	3,724,951,552
Mar 28, 2018	55.34	60.12	55.34	57.24	81,977,504	3,596,938,752
Mar 27, 2018	59.49	60.02	52.51	55.53	145,188,992	3,866,565,888
Mar 26, 2018	65.40	65.93	55.92	59.74	144,888,992	4,251,172,608
Mar 25, 2018	65.19	67.44	63.87	65.43	82,989,200	4,237,244,928
Mar 24, 2018	69.07	70.24	65.73	65.73	102,618,000	4,489,326,080
Mar 23, 2018	69.61	69.61	63.92	68.56	137,020,992	4,524,350,976
Mar 22, 2018	72.81	75.07	66.92	69.64	152,648,000	4,732,377,088
Mar 21, 2018	76.41	77.79	71.52	72.95	177,772,992	4,966,719,488
Mar 20, 2018	73.85	79.56	67.59	76.03	255,944,000	4,800,043,008
Mar 19, 2018	67.19	73.44	62.74	73.44	274,503,008	4,367,609,344
Mar 18, 2018	61.18	66.70	49.39	65.50	249,146,000	3,976,493,056
Mar 17, 2018	68.30	69.11	61.02	61.53	95,221,696	4,439,519,232
Mar 16, 2018	69.66	71.49	65.91	68.25	114,395,000	4,527,870,976
Mar 15, 2018	71.83	72.95	65.49	69.57	173,336,000	4,669,041,152
Mar 14, 2018	83.42	85.03	69.10	71.67	146,276,992	5,422,362,624
Mar 13, 2018	85.57	88.39	82.19	83.38	118,017,000	5,562,222,592
Mar 12, 2018	91.49	92.98	84.26	85.91	125,997,000	5,947,135,488
Mar 11, 2018	85.44	92.49	82.31	91.19	120,665,000	5,553,471,488
Mar 10, 2018	93.32	94.43	85.52	85.58	123,154,000	6,065,718,272
Mar 09, 2018	91.70	93.78	80.85	92.67	216,976,000	5,960,483,840
Mar 08, 2018	100.54	102.14	90.87	91.57	158,916,992	6,534,770,688
Mar 07, 2018	105.38	113.65	91.03	100.44	297,579,008	6,849,684,992
Mar 06, 2018	112.27	114.94	103.56	105.11	203,770,000	7,297,530,880
Mar 05, 2018	120.12	120.12	111.76	113.02	212,735,008	7,808,075,776
Mar 04, 2018	121.83	125.13	115.99	119.36	177,840,000	7,919,115,264
Mar 03, 2018	124.26	128.06	121.54	122.14	132,602,000	8,076,610,560
Mar 02, 2018	129.95	130.30	122.59	124.24	148,930,000	8,446,709,248
Mar 01, 2018	133.65	136.15	126.57	129.05	282,388,000	8,687,141,888
Feb 28, 2018	142.38	144.62	132.06	133.24	315,822,016	9,254,661,120
Feb 27, 2018	134.84	146.35	132.92	142.50	427,504,992	8,764,486,656
Feb 26, 2018	118.91	137.10	117.91	134.17	292,700,000	7,729,166,848
Feb 25, 2018	118.29	120.00	114.56	118.46	114,914,000	7,689,083,904
Feb 24, 2018	121.42	126.89	114.41	118.57	157,950,000	7,892,474,368
Feb 23, 2018	113.39	123.85	110.86	121.65	189,394,000	7,370,077,184
Feb 22, 2018	120.62	126.93	111.89	114.08	193,746,000	7,840,041,472
Feb 21, 2018	127.67	130.21	118.08	120.96	207,330,000	8,298,401,280
Feb 20, 2018	137.95	142.01	127.86	128.36	239,238,000	8,966,487,040
Feb 19, 2018	127.24	138.52	126.70	137.47	201,551,008	8,270,293,504
Feb 18, 2018	136.40	137.95	124.32	127.38	207,624,000	8,866,100,224
Feb 17, 2018	131.02	139.80	129.42	136.75	286,384,992	8,516,620,800
Feb 16, 2018	123.02	130.62	119.94	128.85	194,878,000	7,996,375,040
Feb 15, 2018	122.00	125.76	118.79	123.29	218,616,000	7,930,298,368
Feb 14, 2018	110.86	123.03	110.86	122.52	228,692,992	7,206,135,808
Feb 13, 2018	113.64	114.93	108.64	111.18	176,966,000	7,386,417,664
Feb 12, 2018	104.18	115.85	104.18	113.25	272,088,992	6,771,600,896
Feb 11, 2018	110.45	113.18	96.78	103.40	257,944,000	7,179,004,928
Feb 10, 2018	117.21	122.85	104.98	110.63	355,323,008	7,618,882,560
Feb 09, 2018	111.99	117.65	108.84	117.57	212,450,000	7,279,310,336
Feb 08, 2018	104.06	117.00	104.06	112.43	546,732,992	6,763,562,496
Feb 07, 2018	105.13	118.50	94.94	102.50	571,724,032	6,833,697,792
Feb 06, 2018	84.07	109.21	64.88	105.95	659,945,984	5,464,508,928
Feb 05, 2018	107.57	108.97	75.75	82.37	312,096,000	6,992,380,416
Feb 04, 2018	122.21	124.01	102.03	107.46	203,674,000	7,943,967,744
Feb 03, 2018	121.03	127.28	106.90	122.96	255,707,008	7,867,206,656
Feb 02, 2018	125.64	129.19	91.96	120.13	552,638,976	8,166,714,880
Feb 01, 2018	145.96	147.16	115.27	126.00	356,495,008	9,487,200,256
Jan 31, 2018	145.40	148.18	133.32	145.76	357,308,992	9,451,085,824
Jan 30, 2018	168.86	173.75	140.13	146.28	670,294,976	10,976,104,448
Jan 29, 2018	152.08	168.14	151.46	168.14	602,513,984	9,885,256,704
Jan 28, 2018	140.37	153.61	140.37	152.16	246,175,008	9,124,098,048
Jan 27, 2018	138.14	142.07	134.35	140.20	207,868,000	8,979,147,776
Jan 26, 2018	137.75	141.13	126.53	137.89	324,067,008	8,953,601,024
Jan 25, 2018	138.10	146.94	134.58	138.00	315,009,984	8,976,148,480
Jan 24, 2018	122.57	144.12	118.15	136.41	433,360,000	7,966,982,656
Jan 23, 2018	123.37	129.71	110.18	121.60	263,388,992	8,018,767,360
Jan 22, 2018	132.30	137.78	112.38	123.66	346,611,008	8,599,479,296
Jan 21, 2018	150.23	150.23	126.20	131.10	346,048,000	9,764,804,608
Jan 20, 2018	140.49	157.19	138.65	149.94	501,671,008	9,132,020,736
Jan 19, 2018	141.25	150.15	132.97	139.49	494,800,000	9,181,133,824
Jan 18, 2018	142.60	159.49	129.85	142.66	838,633,984	9,269,195,776
Jan 17, 2018	144.73	154.29	94.57	141.37	1,587,920,000	9,407,148,032
Jan 16, 2018	187.97	187.97	104.29	145.30	1,664,429,952	12,217,937,920
Jan 15, 2018	170.10	196.85	147.40	187.40	1,455,619,968	11,056,452,608
Jan 14, 2018	140.56	176.83	135.92	170.42	648,694,016	9,136,462,848
Jan 13, 2018	124.15	146.51	124.15	140.62	455,703,008	8,069,500,928
Jan 12, 2018	109.18	126.54	105.25	124.47	234,756,992	7,097,046,016
Jan 11, 2018	123.10	124.33	102.66	108.29	270,718,016	8,001,778,176
Jan 10, 2018	127.24	127.26	111.05	122.99	361,796,992	8,270,279,680
Jan 09, 2018	102.07	129.87	101.84	126.94	529,663,008	6,634,308,096
Jan 08, 2018	102.12	108.60	90.68	102.38	231,395,008	6,638,003,712
Jan 07, 2018	101.12	108.52	99.20	102.43	196,620,992	6,572,871,680
Jan 06, 2018	95.31	103.13	91.90	100.86	187,746,000	6,195,061,248
Jan 05, 2018	98.91	106.24	89.58	95.28	292,932,992	6,429,221,888
Jan 04, 2018	104.79	109.20	96.24	99.11	332,545,984	6,811,420,672
Jan 03, 2018	90.30	105.56	86.89	105.56	288,086,016	5,869,253,632
Jan 02, 2018	78.53	97.01	78.53	90.33	373,376,992	5,104,176,128
Jan 01, 2018	76.19	80.69	72.72	78.82	142,094,000	4,952,452,608
Dec 31, 2017	72.56	78.01	67.69	75.96	181,356,992	4,716,091,904
Dec 30, 2017	74.18	74.54	63.02	72.40	202,376,992	4,821,835,264
Dec 29, 2017	65.70	74.82	63.14	73.90	163,331,008	4,270,519,552
Dec 28, 2017	66.76	66.94	58.22	65.43	135,592,000	4,339,532,288
Dec 27, 2017	65.53	70.29	62.88	66.88	153,715,008	4,259,210,496
Dec 26, 2017	66.61	68.80	61.86	65.52	195,466,000	4,329,391,104
Dec 25, 2017	60.27	68.37	58.39	66.32	170,538,000	3,917,402,624
Dec 24, 2017	59.32	59.97	51.84	59.70	160,158,000	3,855,900,672
Dec 23, 2017	56.32	67.75	56.32	58.90	146,282,000	3,660,711,168
Dec 22, 2017	71.54	72.28	43.39	55.57	297,579,008	4,650,219,008
Dec 21, 2017	76.12	79.04	67.49	71.37	225,272,000	4,948,005,376
Dec 20, 2017	71.31	77.50	63.10	75.62	305,912,000	4,634,920,448
Dec 19, 2017	77.19	82.10	66.59	70.81	290,083,008	5,017,415,168
Dec 18, 2017	68.45	81.06	63.96	77.22	437,848,992	4,449,540,608
Dec 17, 2017	49.74	71.72	49.74	68.11	500,799,008	3,233,124,864
Dec 16, 2017	48.14	52.26	46.93	49.81	164,723,008	3,129,272,064
Dec 15, 2017	50.54	51.24	43.13	47.99	204,064,992	3,285,018,368
Dec 14, 2017	44.90	53.65	44.40	50.62	313,147,008	2,918,698,240
Dec 13, 2017	40.73	49.07	37.49	44.81	294,500,000	2,647,620,352
Dec 12, 2017	36.22	41.28	35.32	40.41	132,796,000	2,354,373,120
Dec 11, 2017	33.32	36.57	33.32	35.88	77,323,800	2,165,754,624
Dec 10, 2017	35.79	35.79	32.51	33.31	72,133,600	2,326,545,664
Dec 09, 2017	35.96	38.98	34.87	35.71	93,255,296	2,337,250,816
Dec 08, 2017	34.84	37.38	32.36	36.27	125,450,000	2,264,562,944
Dec 07, 2017	35.04	37.26	33.31	34.86	125,301,000	2,277,335,552
Dec 06, 2017	38.75	38.85	34.40	35.16	118,745,000	2,518,463,232
Dec 05, 2017	41.99	42.79	38.82	38.82	101,480,000	2,729,156,608
Dec 04, 2017	36.65	43.00	36.62	42.17	160,430,000	2,382,155,008
Dec 03, 2017	35.10	39.52	35.03	36.62	79,801,696	2,281,176,064
Dec 02, 2017	35.84	36.61	34.51	35.07	48,991,700	2,329,686,784
Dec 01, 2017	32.89	36.24	31.36	35.84	89,359,696	2,137,787,520
Nov 30, 2017	32.54	34.98	30.09	32.96	78,895,104	2,115,362,176
Nov 29, 2017	37.99	39.44	31.23	32.28	137,123,008	2,469,340,672
Nov 28, 2017	40.13	40.13	37.47	38.08	80,129,000	2,608,657,920
Nov 27, 2017	38.32	41.91	38.32	40.13	83,345,904	2,491,019,520
Nov 26, 2017	38.04	39.20	37.49	38.44	61,597,700	2,472,680,960
Nov 25, 2017	34.83	39.86	34.60	38.13	125,113,000	2,263,694,336
Nov 24, 2017	34.89	35.70	33.46	34.79	68,977,696	2,267,944,960
Nov 23, 2017	35.83	36.29	34.50	34.90	68,917,800	2,329,195,520
Nov 22, 2017	34.45	36.98	34.45	35.86	82,378,800	2,239,042,816
Nov 21, 2017	36.21	37.16	33.38	34.36	133,333,000	2,353,571,584
Nov 20, 2017	39.94	43.14	35.64	35.64	243,906,000	2,596,080,128
Nov 19, 2017	43.01	45.45	36.66	39.75	273,035,008	2,795,442,432
Nov 18, 2017	39.74	48.09	36.28	42.74	434,827,008	2,583,011,840
Nov 17, 2017	28.71	41.08	28.36	40.50	252,834,000	1,866,361,984
Nov 16, 2017	29.45	29.93	28.48	28.70	40,895,700	1,913,974,528
Nov 15, 2017	29.79	30.58	28.26	29.35	45,103,700	1,936,174,464
Nov 14, 2017	28.40	29.96	28.10	29.73	39,436,300	1,845,747,712
Nov 13, 2017	27.12	28.97	26.59	28.40	41,299,400	1,762,618,368
Nov 12, 2017	28.44	28.45	25.31	26.96	63,588,200	1,848,581,248
Nov 11, 2017	28.15	29.93	27.40	28.53	45,994,100	1,829,607,168
Nov 10, 2017	31.97	32.44	26.74	28.18	57,756,900	2,078,105,600
Nov 09, 2017	30.76	33.02	30.58	31.90	79,919,296	1,999,528,320
Nov 08, 2017	26.17	33.81	26.02	30.67	120,273,000	1,700,952,832
Nov 07, 2017	26.26	26.52	25.62	26.23	40,146,900	1,706,604,416
Nov 06, 2017	26.47	26.81	25.95	26.32	26,798,400	1,720,762,240
Nov 05, 2017	26.48	26.72	25.79	26.38	25,229,700	1,721,092,608
Nov 04, 2017	26.77	27.74	25.94	26.49	31,870,600	1,739,978,368
Nov 03, 2017	24.60	26.90	24.39	26.82	40,142,100	1,598,959,744
Nov 02, 2017	26.75	26.75	22.89	24.50	74,455,200	1,738,717,824
Nov 01, 2017	28.38	28.44	26.68	26.86	49,782,800	1,844,742,528
Oct 31, 2017	28.69	30.44	28.47	28.47	61,688,400	1,864,885,120
Oct 30, 2017	27.72	29.49	27.71	28.79	30,968,500	1,801,619,584
Oct 29, 2017	27.20	28.61	27.20	27.76	29,736,500	1,360,227,456
Oct 28, 2017	28.86	28.99	27.17	27.35	25,368,200	1,443,002,624
Oct 27, 2017	28.33	28.88	28.10	28.76	28,919,000	1,416,346,496
Oct 26, 2017	28.48	29.39	28.06	28.33	35,987,900	1,423,953,280
Oct 25, 2017	30.11	30.11	28.54	28.54	35,558,400	1,505,594,880
Oct 24, 2017	27.34	32.72	26.73	30.15	78,225,600	1,367,236,864
Oct 23, 2017	28.49	28.65	26.43	27.51	28,154,800	1,424,612,096
Oct 22, 2017	27.15	29.48	27.10	28.79	36,184,100	1,357,504,896
Oct 21, 2017	27.76	28.28	26.04	27.13	34,058,900	1,387,836,800
Oct 20, 2017	28.68	29.50	27.73	27.75	36,933,700	1,433,878,272
Oct 19, 2017	29.66	29.96	28.48	28.66	30,401,400	1,482,973,312
Oct 18, 2017	31.66	31.78	28.44	29.67	49,659,700	1,583,188,096
Oct 17, 2017	28.50	32.55	27.81	31.40	74,210,000	1,425,086,336
Oct 16, 2017	27.76	29.07	26.96	28.53	34,713,200	1,388,077,184
Oct 15, 2017	27.65	28.47	26.91	27.73	31,189,200	1,382,446,080
Oct 14, 2017	29.32	29.45	27.65	27.80	33,551,100	1,465,981,056
Oct 13, 2017	27.85	29.87	26.45	29.35	81,365,000	1,392,661,120
Oct 12, 2017	30.01	30.36	27.61	28.18	61,080,400	1,500,524,672
Oct 11, 2017	29.30	31.23	29.30	29.96	33,627,700	1,464,936,192
Oct 10, 2017	29.15	31.20	28.07	29.31	48,223,600	1,457,265,536
Oct 09, 2017	32.04	32.79	26.78	29.10	98,290,304	1,601,804,288
Oct 08, 2017	35.64	37.23	31.01	32.07	107,725,000	1,781,814,912
Oct 07, 2017	33.54	36.15	33.30	36.14	48,058,800	1,677,002,112
Oct 06, 2017	32.50	34.32	32.23	33.52	47,267,100	1,625,060,480
Oct 05, 2017	31.21	33.31	28.98	32.28	66,785,000	1,560,678,400
Oct 04, 2017	33.79	35.03	30.09	31.16	60,565,900	1,689,394,176
Oct 03, 2017	36.65	36.79	32.01	33.61	74,199,600	1,832,530,560
Oct 02, 2017	35.70	39.01	34.90	36.74	116,098,000	1,785,162,880
Oct 01, 2017	34.12	35.83	31.82	35.72	72,169,504	1,705,881,472
Sep 30, 2017	28.59	34.24	28.45	34.21	82,181,600	1,429,498,880
Sep 29, 2017	30.25	30.41	26.13	28.64	72,558,304	1,512,527,104
Sep 28, 2017	31.78	32.69	27.68	29.76	101,195,000	1,589,173,248
Sep 27, 2017	26.32	34.03	26.32	31.79	163,163,008	1,316,038,272
Sep 26, 2017	26.12	27.30	24.46	26.38	65,868,600	1,305,989,120
Sep 25, 2017	19.80	27.08	19.80	26.02	81,225,504	989,891,904
Sep 24, 2017	20.17	20.43	19.28	19.79	11,967,200	1,008,661,760
Sep 23, 2017	18.58	20.59	18.30	20.18	17,216,800	929,085,760
Sep 22, 2017	17.39	19.32	16.98	18.69	22,480,200	869,657,408
Sep 21, 2017	19.65	19.82	16.75	17.45	21,587,400	982,514,560
Sep 20, 2017	19.90	20.47	19.69	19.75	14,058,200	995,011,904
Sep 19, 2017	20.99	21.71	19.04	19.94	30,451,900	1,049,422,464
Sep 18, 2017	19.91	21.38	19.54	21.22	27,647,600	995,578,944
Sep 17, 2017	20.64	20.64	18.36	19.86	18,695,100	1,031,916,544
Sep 16, 2017	18.75	22.98	18.50	20.76	50,210,000	937,287,744
Sep 15, 2017	15.81	19.12	13.32	18.74	50,811,700	790,612,480
Sep 14, 2017	20.08	20.75	14.95	15.69	42,221,500	1,004,180,352
Sep 13, 2017	20.83	21.29	17.80	20.06	37,258,400	1,041,447,616
Sep 12, 2017	21.87	23.60	19.86	20.97	40,702,300	1,093,591,424
Sep 11, 2017	22.68	23.97	21.70	21.88	27,835,300	1,133,790,848
Sep 10, 2017	21.76	23.64	19.37	22.75	54,002,500	1,088,181,376
Sep 09, 2017	24.63	24.63	21.55	21.96	47,199,500	1,231,580,800
Sep 08, 2017	30.59	30.59	22.41	24.86	112,252,000	1,529,629,568
Sep 07, 2017	21.30	33.55	20.54	30.78	214,000,992	1,065,107,264
Sep 06, 2017	22.97	24.32	20.30	21.36	77,746,304	1,148,323,712
Sep 05, 2017	21.88	23.85	18.93	22.80	91,402,304	1,093,863,168
Sep 04, 2017	30.44	30.44	17.40	21.83	189,916,992	1,522,089,856
Sep 03, 2017	31.77	32.65	28.58	30.32	43,232,300	1,588,686,976
Sep 02, 2017	31.69	34.81	28.55	31.72	92,722,600	1,584,387,968
Sep 01, 2017	33.17	33.57	28.87	32.01	75,418,896	1,658,679,552
Aug 31, 2017	32.93	35.09	32.60	33.16	49,957,300	1,646,724,736
Aug 30, 2017	33.48	35.84	29.71	33.10	97,289,600	1,673,905,024
Aug 29, 2017	38.46	38.46	30.69	33.66	168,534,000	1,922,835,328
Aug 28, 2017	40.23	40.31	37.38	38.45	41,401,000	2,011,601,664
Aug 27, 2017	38.58	41.23	37.42	40.09	50,649,600	1,928,772,736
Aug 26, 2017	40.31	40.52	37.70	38.59	41,017,800	2,015,363,840
Aug 25, 2017	41.96	42.26	39.78	40.30	47,772,200	2,098,233,856
Aug 24, 2017	39.92	42.13	39.31	42.05	63,875,500	1,996,229,120
Aug 23, 2017	35.83	44.03	35.25	40.00	131,763,000	1,791,669,504
Aug 22, 2017	35.16	36.17	31.60	35.85	68,265,296	1,758,179,072
Aug 21, 2017	38.04	38.28	34.15	35.30	85,955,000	1,902,056,064
Aug 20, 2017	39.63	40.65	38.16	38.19	85,862,200	1,981,638,400
Aug 19, 2017	38.86	42.22	35.40	39.97	168,358,000	1,943,178,496
Aug 18, 2017	40.85	41.16	31.32	38.85	209,844,992	2,042,454,528
Aug 17, 2017	45.72	46.34	38.91	40.69	191,410,000	2,286,133,248
Aug 16, 2017	46.98	51.24	44.69	45.54	170,272,992	2,349,048,576
Aug 15, 2017	47.50	47.99	39.52	47.49	262,800,992	2,375,007,232
Aug 14, 2017	47.63	52.02	44.79	47.43	343,704,992	2,381,359,872
Aug 13, 2017	36.86	52.63	35.32	46.65	448,654,016	1,843,038,336
Aug 12, 2017	33.16	37.37	30.45	36.61	177,772,000	1,657,811,968
Aug 11, 2017	36.32	39.13	27.58	33.50	382,070,016	1,815,778,560
Aug 10, 2017	21.68	38.44	21.36	36.18	360,124,992	1,084,176,512
Aug 09, 2017	18.34	21.94	17.46	21.75	116,795,000	917,008,960
Aug 08, 2017	18.73	19.34	15.59	18.27	124,589,000	936,705,408
Aug 07, 2017	15.20	20.24	14.36	18.68	166,514,000	759,958,528
Aug 06, 2017	14.17	16.19	13.42	15.21	81,450,800	708,471,040
Aug 05, 2017	10.39	14.95	10.24	14.02	82,680,400	519,505,536
Aug 04, 2017	10.84	11.22	9.97	10.43	56,285,500	541,832,320
Aug 03, 2017	8.19	10.70	8.06	10.67	49,848,800	409,433,600
Aug 02, 2017	7.85	8.30	7.71	8.11	17,559,000	392,732,064
Aug 01, 2017	7.36	8.20	6.96	7.86	18,527,900	368,122,944
Jul 31, 2017	7.16	7.43	7.02	7.33	10,856,600	358,221,856
Jul 30, 2017	7.27	7.30	6.94	7.15	9,006,030	363,345,472
Jul 29, 2017	7.09	7.46	6.76	7.26	10,518,400	354,257,856
Jul 28, 2017	7.75	7.88	6.93	7.09	15,725,800	387,410,176
Jul 27, 2017	7.22	7.94	7.13	7.72	15,251,100	360,771,776
Jul 26, 2017	7.33	7.59	6.58	7.17	16,765,600	366,561,696
Jul 25, 2017	8.48	8.48	6.88	7.35	19,480,400	423,875,936
Jul 24, 2017	8.61	8.81	8.19	8.46	21,283,700	430,471,168
Jul 23, 2017	8.64	8.93	7.76	8.57	29,915,100	431,881,472
Jul 22, 2017	7.39	9.12	7.31	8.62	32,890,800	369,727,456
Jul 21, 2017	7.24	7.97	7.03	7.42	21,298,000	361,825,568
Jul 20, 2017	5.89	7.47	5.89	7.21	25,476,100	294,316,896
Jul 19, 2017	6.04	6.23	5.65	5.88	14,255,500	301,935,264
Jul 18, 2017	5.77	6.29	5.51	6.02	18,101,700	288,470,496
Jul 17, 2017	5.06	5.85	5.03	5.77	15,013,000	253,054,352
Jul 16, 2017	5.03	5.27	4.83	5.04	9,498,420	251,398,784
Jul 15, 2017	5.55	5.55	4.98	5.03	11,294,200	277,400,032
Jul 14, 2017	6.27	6.29	5.42	5.54	12,351,000	313,432,928
Jul 13, 2017	6.68	6.95	5.91	6.29	17,824,000	334,240,160
Jul 12, 2017	5.31	6.69	5.07	6.63	23,337,300	265,563,872
Jul 11, 2017	5.93	6.11	4.83	5.40	20,182,900	296,309,120
Jul 10, 2017	6.91	6.96	5.58	6.03	11,395,300	345,719,488
Jul 09, 2017	7.40	7.62	6.87	6.90	10,422,500	370,071,968
Jul 08, 2017	6.79	7.63	5.91	7.45	24,138,500	339,381,728
Jul 07, 2017	7.83	7.89	6.74	6.77	16,409,500	391,569,248
Jul 06, 2017	7.98	8.34	7.69	7.84	17,932,500	399,093,312
Jul 05, 2017	7.77	8.66	7.23	8.03	29,368,100	388,453,376
Jul 04, 2017	8.22	8.49	7.77	7.78	15,781,600	410,831,488
Jul 03, 2017	8.06	8.48	7.52	8.22	28,820,400	402,786,336
Jul 02, 2017	7.96	8.51	6.75	8.10	47,478,700	397,988,096
Jul 01, 2017	8.77	9.24	7.74	7.95	33,128,400	438,293,024
Jun 30, 2017	9.72	10.00	8.60	8.73	43,355,500	485,988,096
Jun 29, 2017	8.34	10.07	7.91	9.77	77,050,000	416,969,504
Jun 28, 2017	6.96	8.69	6.49	8.38	72,982,304	347,825,920
Jun 27, 2017	5.35	7.26	5.09	6.83	71,029,696	267,538,304
Jun 26, 2017	5.95	6.22	4.42	5.53	27,615,900	297,586,848
Jun 25, 2017	6.29	6.46	5.66	5.95	24,890,900	314,542,784
Jun 24, 2017	6.87	7.11	6.25	6.30	33,359,500	343,738,496
Jun 23, 2017	6.92	7.43	5.78	6.84	67,033,300	346,025,216
Jun 22, 2017	10.16	10.51	6.90	6.94	115,249,000	507,921,376
Jun 21, 2017	8.04	10.21	7.81	10.15	88,374,400	401,956,000
Jun 20, 2017	11.79	11.79	7.87	8.00	126,661,000	589,390,016
Jun 19, 2017	5.46	11.81	5.46	11.72	281,340,992	273,011,008
Jun 18, 2017	3.79	5.26	3.47	5.26	61,381,000	189,716,992
Jun 17, 2017	2.80	4.18	2.70	3.76	82,601,000	139,894,000
Jun 16, 2017	1.80	2.81	1.72	2.77	45,782,200	90,202,000
Jun 15, 2017	1.74	1.84	1.54	1.78	9,550,940	86,947,000
Jun 14, 2017	1.81	1.94	1.68	1.74	10,497,200	90,657,000
Jun 13, 2017	1.50	1.86	1.50	1.81	10,456,500	75,221,504
Jun 12, 2017	1.67	1.69	1.40	1.51	7,492,490	83,716,000
Jun 11, 2017	1.69	1.73	1.52	1.67	6,479,410	84,426,000
Jun 10, 2017	1.54	2.07	1.53	1.68	17,295,300	77,129,000
Jun 09, 2017	1.36	1.59	1.33	1.55	9,728,020	67,874,000
Jun 08, 2017	1.27	1.36	1.19	1.36	7,118,290	63,677,000
Jun 07, 2017	1.34	1.36	1.27	1.28	2,994,510	66,929,500
Jun 06, 2017	1.28	1.37	1.20	1.34	5,234,170	63,757,000
Jun 05, 2017	1.27	1.35	1.25	1.28	3,876,920	63,267,500
Jun 04, 2017	1.25	1.32	1.22	1.26	2,572,220	62,425,500
Jun 03, 2017	1.36	1.36	1.15	1.26	4,049,740	68,122,000
Jun 02, 2017	1.25	1.40	1.18	1.35	7,157,890	62,290,500
Jun 01, 2017	1.03	1.30	1.01	1.24	8,061,920	51,383,000
May 31, 2017	1.02	1.08	0.966531	1.03	3,001,020	51,167,000
May 30, 2017	0.975403	1.13	0.970573	1.02	5,393,720	48,770,200
May 29, 2017	0.921727	0.974728	0.873447	0.966765	2,171,000	46,086,400
May 28, 2017	0.989557	1.07	0.814832	0.930106	5,133,830	49,477,900
May 27, 2017	0.806824	1.03	0.598245	0.982348	7,025,920	40,341,200
May 26, 2017	1.11	1.22	0.694110	0.826549	6,847,940	55,293,000
May 25, 2017	1.74	1.74	1.01	1.11	12,458,000	87,149,504
May 24, 2017	0.878954	1.90	0.863444	1.76	22,900,400	43,947,700
May 23, 2017	0.721726	0.901805	0.695115	0.877157	3,858,760	36,086,300
May 22, 2017	0.682007	0.742591	0.669175	0.720486	2,331,300	34,100,400
May 21, 2017	0.665434	0.744667	0.618864	0.664141	2,621,930	33,271,700
May 20, 2017	0.638148	0.671513	0.612225	0.665485	1,476,170	31,907,400
May 19, 2017	0.539752	0.682251	0.539752	0.631860	1,884,600	26,987,600
May 18, 2017	0.533423	0.552265	0.514519	0.539481	1,201,540	26,671,200
May 17, 2017	0.464285	0.531643	0.454101	0.531643	1,328,670	23,214,200
May 16, 2017	0.474567	0.474567	0.452551	0.463667	637,204	23,728,400
May 15, 2017	0.477364	0.493300	0.454150	0.470057	897,219	23,868,200
May 14, 2017	0.483372	0.490861	0.473253	0.477543	501,693	24,168,600
May 13, 2017	0.487873	0.491284	0.451528	0.484544	616,908	24,393,600
May 12, 2017	0.480874	0.508175	0.469682	0.487684	548,028	24,043,700
May 11, 2017	0.504314	0.520573	0.431391	0.481077	953,152	25,215,700
May 10, 2017	0.449260	0.541055	0.449260	0.503894	843,243	22,463,000
May 09, 2017	0.496131	0.501255	0.407576	0.449370	1,076,450	24,806,600
May 08, 2017	0.530300	0.542761	0.486931	0.496572	1,025,750	26,515,000
May 07, 2017	0.585263	0.591143	0.516306	0.535792	1,249,060	29,263,200
May 06, 2017	0.572854	0.590350	0.537649	0.587670	1,341,720	28,642,700
May 05, 2017	0.493833	0.576426	0.470129	0.576426	2,660,100	24,691,600
May 04, 2017	0.345096	0.500403	0.334537	0.500309	2,317,450	17,254,800
May 03, 2017	0.314746	0.348589	0.309078	0.343782	758,237	15,737,300
May 02, 2017	0.319147	0.326074	0.280153	0.314833	588,824	15,957,400
May 01, 2017	0.361689	0.361689	0.269563	0.318838	1,142,050	18,084,400
Apr 30, 2017	0.271731	0.362409	0.268994	0.360099	1,631,520	13,586,500
Apr 29, 2017	0.229612	0.290570	0.221128	0.271729	960,013	11,480,600
Apr 28, 2017	0.202194	0.229271	0.201420	0.229255	473,689	10,109,700
Apr 27, 2017	0.184394	0.208510	0.181833	0.202092	327,972	9,219,700
Apr 26, 2017	0.183475	0.188085	0.179909	0.184577	185,400	9,173,750
Apr 25, 2017	0.173606	0.184094	0.166802	0.183504	241,805	8,680,300
Apr 24, 2017	0.177077	0.177153	0.163354	0.173758	262,706	8,853,850
Apr 23, 2017	0.180684	0.185985	0.169937	0.174960	175,678	9,034,200
Apr 22, 2017	0.178943	0.188524	0.173304	0.183058	288,119	8,947,150
Apr 21, 2017	0.184685	0.185694	0.174442	0.178122	263,127	9,234,250
Apr 20, 2017	0.189534	0.191015	0.178645	0.184725	222,525	9,476,700
Apr 19, 2017	0.180622	0.190709	0.178089	0.189408	297,302	9,031,100
Apr 18, 2017	0.191910	0.192224	0.176355	0.180479	348,694	9,595,500
Apr 17, 2017	0.191583	0.192535	0.179468	0.191489	331,308	9,579,150
Apr 16, 2017	0.193672	0.195650	0.188923	0.192076	167,886	9,683,600
Apr 15, 2017	0.192991	0.194574	0.190452	0.192164	76,566	9,649,550
Apr 14, 2017	0.191540	0.193960	0.190495	0.192958	103,138	9,577,000
Apr 13, 2017	0.193966	0.196013	0.190089	0.191686	147,722	9,698,300
Apr 12, 2017	0.198357	0.200199	0.191723	0.195553	192,252	9,917,850
Apr 11, 2017	0.209023	0.211772	0.189697	0.197826	257,457	10,451,200
Apr 10, 2017	0.188842	0.220733	0.186149	0.207874	208,420	9,442,100
Apr 09, 2017	0.189679	0.191026	0.186312	0.188861	97,362	9,483,950
Apr 08, 2017	0.189456	0.193674	0.188398	0.190221	54,654	9,472,800
Apr 07, 2017	0.187871	0.192661	0.184796	0.188531	81,618	9,393,550
Apr 06, 2017	0.184767	0.190455	0.184234	0.186430	82,505	9,238,350
Apr 05, 2017	0.185082	0.192548	0.182758	0.184719	102,043	9,254,100
Apr 04, 2017	0.199874	0.202591	0.181038	0.185002	148,096	9,993,700
Apr 03, 2017	0.205808	0.205959	0.196132	0.199703	104,805	10,290,400
Apr 02, 2017	0.203584	0.206776	0.200261	0.205480	102,369	10,179,200
Apr 01, 2017	0.203606	0.206153	0.194440	0.205017	109,993	10,180,300
Mar 31, 2017	0.210236	0.213953	0.196505	0.203541	291,529	10,511,800
Mar 30, 2017	0.212468	0.221930	0.206085	0.210556	504,940	10,623,400
Mar 29, 2017	0.220650	0.225506	0.205719	0.212428	335,567	11,032,500
Mar 28, 2017	0.186277	0.235749	0.180596	0.220632	821,674	9,313,850
Mar 27, 2017	0.161165	0.191642	0.160717	0.186426	201,563	8,058,250
Mar 26, 2017	0.167267	0.175043	0.158772	0.160384	37,656	8,363,350
Mar 25, 2017	0.166941	0.167388	0.157475	0.167305	47,641	8,347,050
Mar 24, 2017	0.166412	0.178022	0.159289	0.166465	52,184	8,320,600
Mar 23, 2017	0.173183	0.176421	0.156976	0.166412	38,169	8,659,150
Mar 22, 2017	0.164951	0.179551	0.159475	0.173143	157,814	8,247,550
Mar 21, 2017	0.153972	0.167727	0.150715	0.164934	234,287	7,698,600
Mar 20, 2017	0.157444	0.162542	0.149597	0.153898	68,539	7,872,200
Mar 19, 2017	0.159019	0.163016	0.149322	0.157560	68,673	7,950,950
Mar 18, 2017	0.140006	0.172281	0.140006	0.158987	188,985	7,000,300
Mar 17, 2017	0.131324	0.166127	0.122856	0.139902	63,413	6,566,200
Mar 16, 2017	0.128773	0.136685	0.125514	0.131867	20,678	6,438,650
Mar 15, 2017	0.133699	0.140774	0.128158	0.128653	16,169	6,684,950
Mar 14, 2017	0.136986	0.137204	0.127028	0.133681	23,746	6,849,300
Mar 13, 2017	0.140799	0.140823	0.127288	0.136979	23,196	7,039,950
Mar 12, 2017	0.142217	0.143570	0.131473	0.140575	36,588	7,110,850
Mar 11, 2017	0.131403	0.142793	0.129965	0.142142	32,281	6,570,150
Mar 10, 2017	0.132107	0.141972	0.120088	0.131476	34,319	6,605,350
Mar 09, 2017	0.116266	0.140766	0.114151	0.132026	21,035	5,813,300
Mar 08, 2017	0.122602	0.128715	0.116242	0.116242	5,536	6,130,100
Mar 07, 2017	0.123459	0.123531	0.116952	0.122573	8,291	6,172,950
Mar 06, 2017	0.121782	0.124417	0.118414	0.123450	10,659	6,089,100
Mar 05, 2017	0.119821	0.123680	0.116513	0.121757	4,192	5,991,050
Mar 04, 2017	0.122602	0.125583	0.117666	0.119901	6,235	6,130,100
Mar 03, 2017	0.119272	0.124929	0.118119	0.122444	9,499	5,963,600
Mar 02, 2017	0.135408	0.135475	0.115596	0.119301	8,963	6,770,400
Mar 01, 2017	0.117455	0.135197	0.113717	0.135197	12,914	5,872,750
Feb 28, 2017	0.115442	0.118271	0.113307	0.117443	19,659	5,772,100
Feb 27, 2017	0.115234	0.118632	0.109630	0.115376	8,960	5,761,700
Feb 26, 2017	0.114553	0.115582	0.104331	0.114986	8,433	5,727,650
Feb 25, 2017	0.120864	0.121660	0.110955	0.114526	9,339	6,043,200
Feb 24, 2017	0.119243	0.136124	0.086475	0.121185	17,386	5,962,150
Feb 23, 2017	0.121958	0.122226	0.114699	0.118724	6,304	6,097,900
Feb 22, 2017	0.124515	0.124515	0.115683	0.121959	6,903	6,225,750
Feb 21, 2017	0.121400	0.127322	0.114101	0.121561	14,370	6,070,000
Feb 20, 2017	0.123001	0.127204	0.116679	0.121475	10,971	6,150,050
Feb 19, 2017	0.124522	0.124827	0.117671	0.122905	4,321	6,226,100
Feb 18, 2017	0.122901	0.130873	0.119005	0.124431	13,458	6,145,050
Feb 17, 2017	0.125972	0.130485	0.115022	0.122661	28,259	6,298,600
Feb 16, 2017	0.112739	0.126088	0.112574	0.126088	10,795	5,636,950
Feb 15, 2017	0.116744	0.120698	0.111437	0.112729	5,690	5,837,200
Feb 14, 2017	0.118339	0.121985	0.114384	0.116603	6,788	5,916,950
Feb 13, 2017	0.121530	0.137720	0.118105	0.118286	6,977	6,076,500
Feb 12, 2017	0.125493	0.137479	0.117401	0.121566	3,330	6,274,650
Feb 11, 2017	0.125788	0.127159	0.122483	0.125607	743	6,289,400
Feb 10, 2017	0.127540	0.131710	0.117976	0.125761	2,605	6,377,000
Feb 09, 2017	0.129684	0.132791	0.118249	0.127476	10,870	6,484,200
Feb 08, 2017	0.133244	0.134031	0.121542	0.129568	8,268	6,662,200
Feb 07, 2017	0.126972	0.136817	0.126972	0.133135	5,302	6,348,600
Feb 06, 2017	0.131717	0.138723	0.125146	0.126788	10,498	6,585,850
Feb 05, 2017	0.135944	0.143104	0.128306	0.131582	2,685	6,797,200
Feb 04, 2017	0.134385	0.147454	0.132960	0.135867	10,217	6,719,250
Feb 03, 2017	0.145650	0.145650	0.132985	0.134264	9,702	7,282,500
Feb 02, 2017	0.147206	0.147974	0.134287	0.145699	2,973	7,360,300
Feb 01, 2017	0.147034	0.150287	0.140878	0.147218	4,496	7,351,700
Jan 31, 2017	0.153713	0.153791	0.144326	0.147016	17,416	7,685,650
Jan 30, 2017	0.141147	0.153760	0.140489	0.153760	9,285	7,057,350
Jan 29, 2017	0.138097	0.141860	0.132053	0.141204	11,695	6,904,850
Jan 28, 2017	0.130334	0.137387	0.125774	0.134674	7,066	6,516,700
Jan 27, 2017	0.129894	0.135296	0.128775	0.130343	9,238	6,494,700
Jan 26, 2017	0.124319	0.135711	0.120759	0.133612	7,694	6,215,950
Jan 25, 2017	0.120212	0.129256	0.115434	0.124216	6,427	6,010,600
Jan 24, 2017	0.128569	0.128569	0.113295	0.120213	7,139	6,428,450
Jan 23, 2017	0.114416	0.130461	0.111428	0.129948	7,175	5,720,800
Jan 22, 2017	0.116306	0.119379	0.109804	0.114313	6,468	5,815,300
Jan 21, 2017	0.117955	0.127853	0.114241	0.116309	15,335	5,897,750
Jan 20, 2017	0.116596	0.124276	0.111754	0.117809	16,255	5,829,800
Jan 19, 2017	0.123035	0.123948	0.116102	0.116619	14,984	6,151,750
Jan 18, 2017	0.116816	0.123035	0.115687	0.123035	7,457	5,840,800
Jan 17, 2017	0.119675	0.122525	0.114662	0.116638	7,960	5,983,750
Jan 16, 2017	0.123730	0.123958	0.118628	0.119649	5,112	6,186,500
Jan 15, 2017	0.122904	0.132022	0.117124	0.123732	6,954	6,145,200
Jan 14, 2017	0.121337	0.123940	0.116299	0.122939	9,262	6,066,850
Jan 13, 2017	0.124106	0.124342	0.113803	0.121321	50,365	6,205,300
Jan 12, 2017	0.115137	0.124128	0.109263	0.124122	59,945	5,756,850
Jan 11, 2017	0.133970	0.134950	0.112802	0.115138	120,522	6,698,500
Jan 10, 2017	0.123761	0.139550	0.123113	0.133864	126,915	6,188,050
Jan 09, 2017	0.132630	0.133670	0.117667	0.123767	90,000	6,631,500
Jan 08, 2017	0.128325	0.134773	0.127755	0.132609	69,033	6,416,250
Jan 07, 2017	0.135505	0.135759	0.125106	0.131104	53,818	6,775,250
Jan 06, 2017	0.131087	0.139018	0.131087	0.135472	54,666	6,554,350
Jan 05, 2017	0.136797	0.143977	0.126582	0.131070	206,224	6,839,850
Jan 04, 2017	0.140294	0.142834	0.134433	0.136734	94,045	7,014,700
Jan 03, 2017	0.145645	0.147282	0.139653	0.140422	90,544	7,282,250
Jan 02, 2017	0.141841	0.147746	0.141841	0.145642	75,921	7,092,050
Jan 01, 2017	0.144763	0.147274	0.139742	0.141841	63,512	7,238,150
Dec 31, 2016	0.147526	0.148837	0.142705	0.144763	61,000	7,376,300
Dec 30, 2016	0.143599	0.148070	0.136893	0.147527	69,464	7,179,950
Dec 29, 2016	0.150688	0.151915	0.140106	0.140950	100,992	7,534,400
Dec 28, 2016	0.158032	0.162041	0.145990	0.150689	118,030	7,901,600
Dec 27, 2016	0.166600	0.177395	0.153932	0.158032	265,268	8,330,000
Dec 26, 2016	0.146785	0.182563	0.141148	0.166597	579,250	7,339,250
Dec 25, 2016	0.144213	0.153788	0.141296	0.146788	239,670	7,210,650
Dec 24, 2016	0.139545	0.151804	0.136822	0.146916	132,934	6,977,250
Dec 23, 2016	0.155059	0.157925	0.131227	0.137593	187,645	7,752,950
Dec 22, 2016	0.166441	0.184986	0.147481	0.155065	544,880	8,322,050
Dec 21, 2016	0.120868	0.168983	0.118599	0.167117	635,204	6,043,400
Dec 20, 2016	0.121536	0.124127	0.115108	0.120868	73,913	6,076,800
Dec 19, 2016	0.115260	0.121812	0.106848	0.121387	55,326	5,763,000
Dec 18, 2016	0.105842	0.117273	0.101063	0.115260	37,746	5,292,100
Dec 17, 2016	0.114445	0.115568	0.101740	0.105842	62,650	5,722,250
Dec 16, 2016	0.109869	0.118707	0.109327	0.114432	49,515	5,493,450
Dec 15, 2016	0.121012	0.123902	0.109819	0.109837	38,086	6,050,600
Dec 14, 2016	0.127930	0.127930	0.120364	0.121008	50,948	6,396,500
Dec 13, 2016	0.133035	0.136888	0.125618	0.127959	30,845	6,651,750
Dec 12, 2016	0.122082	0.140238	0.122082	0.129977	57,019	6,104,100
Dec 11, 2016	0.125352	0.128221	0.120730	0.122134	41,967	6,267,600
Dec 10, 2016	0.130952	0.132206	0.124770	0.125328	37,027	6,547,600
Dec 09, 2016	0.134409	0.136923	0.129699	0.130070	54,783	6,720,450
Dec 08, 2016	0.137448	0.138971	0.134429	0.134429	31,065	6,872,400
Dec 07, 2016	0.136196	0.142794	0.134726	0.137450	51,152	6,809,800
Dec 06, 2016	0.138960	0.141810	0.135703	0.136097	54,376	6,948,000
Dec 05, 2016	0.147270	0.147270	0.138194	0.141459	71,656	7,363,500
Dec 04, 2016	0.142444	0.157052	0.142444	0.147170	109,462	7,122,200
Dec 03, 2016	0.141987	0.144054	0.136455	0.142444	121,437	7,099,350
Dec 02, 2016	0.140119	0.145737	0.138452	0.141991	69,742	7,005,950
Dec 01, 2016	0.144522	0.144846	0.138559	0.140114	62,769	7,226,100
Nov 30, 2016	0.149963	0.150848	0.140499	0.144636	63,418	7,498,150
Nov 29, 2016	0.167861	0.167909	0.141612	0.149953	121,979	8,393,050
Nov 28, 2016	0.173073	0.175046	0.166608	0.167994	92,873	8,653,650
Nov 27, 2016	0.174134	0.179557	0.173007	0.173050	34,618	8,706,700
Nov 26, 2016	0.174608	0.185637	0.173892	0.174141	53,456	8,730,400
Nov 25, 2016	0.171903	0.191663	0.171885	0.174514	148,809	8,595,150
Nov 24, 2016	0.167006	0.186579	0.165703	0.171955	252,878	8,350,300
Nov 23, 2016	0.168883	0.172495	0.166940	0.167085	18,866	8,444,150
Nov 22, 2016	0.173474	0.174220	0.167397	0.168892	30,457	8,673,700
Nov 21, 2016	0.171000	0.174966	0.169408	0.173476	13,977	8,550,000
Nov 20, 2016	0.169929	0.171309	0.161549	0.170999	6,888	8,496,450
Nov 19, 2016	0.172135	0.176490	0.168427	0.169928	20,977	8,606,750
Nov 18, 2016	0.173267	0.196769	0.169420	0.172177	170,258	8,663,350
Nov 17, 2016	0.162654	0.177109	0.162560	0.173280	115,600	8,132,700
Nov 16, 2016	0.173875	0.177754	0.153992	0.162529	52,767	8,693,750
Nov 15, 2016	0.183863	0.183864	0.172835	0.173875	58,217	9,193,150
Nov 14, 2016	0.170347	0.196291	0.168508	0.183786	161,342	8,517,350
Nov 13, 2016	0.168699	0.172853	0.163703	0.169917	47,661	8,434,950
Nov 12, 2016	0.172603	0.179612	0.166288	0.168695	38,920	8,630,150
Nov 11, 2016	0.168293	0.181036	0.165815	0.176226	92,296	8,414,650
Nov 10, 2016	0.159342	0.179854	0.154536	0.168272	226,859	7,967,100
Nov 09, 2016	0.161599	0.166946	0.156541	0.159859	51,101	8,079,950
Nov 08, 2016	0.173073	0.173376	0.160523	0.161594	64,487	8,653,650
Nov 07, 2016	0.163957	0.174019	0.143322	0.173087	264,007	8,197,850
Nov 06, 2016	0.160800	0.168170	0.156750	0.164002	52,679	8,040,000
Nov 05, 2016	0.175934	0.181375	0.156657	0.160797	165,265	8,796,700
Nov 04, 2016	0.173574	0.183584	0.168351	0.175917	123,337	8,678,700
Nov 03, 2016	0.197962	0.198170	0.155788	0.173534	265,799	9,898,100
Nov 02, 2016	0.214646	0.219169	0.191732	0.197941	242,163	10,732,300
Nov 01, 2016	0.228232	0.239149	0.204285	0.211322	411,699	11,411,600
Oct 31, 2016	0.181610	0.229291	0.177568	0.228251	917,488	9,080,500
Oct 30, 2016	0.172946	0.183820	0.170264	0.181026	377,793	8,647,300
Oct 29, 2016	0.151237	0.176248	0.151237	0.170166	714,101	7,561,850
Oct 28, 2016	0.127447	0.159842	0.123780	0.151552	545,958	6,372,350
Oct 27, 2016	0.129608	0.140409	0.124055	0.127426	169,528	6,480,400
Oct 26, 2016	0.135700	0.169630	0.121312	0.129615	494,772	6,785,000
Oct 25, 2016	0.093621	0.322439	0.092699	0.135712	365,986	-
Oct 24, 2016	0.081000	0.100103	0.076476	0.093762	522,611	-
Oct 23, 2016	0.081487	0.085212	0.076681	0.082727	107,073	-
Oct 22, 2016	0.080197	0.096001	0.080013	0.081484	293,121	-
Oct 21, 2016	0.092487	0.093918	0.072287	0.080181	269,793	-
Oct 20, 2016	0.117083	0.117172	0.085342	0.092682	286,750	-
Oct 19, 2016	0.197446	0.205554	0.111325	0.117084	228,476	-
Oct 18, 2016	0.192736	0.289527	0.179325	0.197440	406,917	-
Oct 17, 2016	0.175871	0.192747	0.175284	0.192747	12,989	-
Oct 16, 2016	0.179883	0.190690	0.175885	0.175901	16,019	-
Oct 15, 2016	0.191007	0.191007	0.179885	0.179885	596	-
Oct 14, 2016	0.185400	0.191090	0.176211	0.191014	2,335	-
Oct 13, 2016	0.186072	0.186072	0.175498	0.185407	1,318	-
Oct 12, 2016	0.193611	0.193611	0.175684	0.186052	12,201	-
Oct 11, 2016	0.193114	0.195352	0.181615	0.193575	5,949	-
Oct 10, 2016	0.186466	0.202517	0.180081	0.193108	11,204	-
Oct 09, 2016	0.205045	0.205045	0.178857	0.186541	30,052	-
Oct 08, 2016	0.202812	0.223037	0.185864	0.205229	31,830	-
Oct 07, 2016	0.179898	0.202840	0.179898	0.202840	5,785	-
Oct 06, 2016	0.289361	0.291334	0.180059	0.180059	2,612	-
Oct 05, 2016	0.185765	0.289548	0.179917	0.289392	1,864	-
Oct 04, 2016	0.178659	0.185843	0.178659	0.185843	506	-
Oct 03, 2016	0.177613	0.192425	0.177613	0.178713	913	-
Oct 02, 2016	0.202302	0.202303	0.177092	0.177279	4,178	-
Oct 01, 2016	0.184979	0.216455	0.184979	0.202293	2,748	-
Sep 30, 2016	0.191685	0.194601	0.180176	0.184939	2,032	-
Sep 29, 2016	0.194845	0.208155	0.175516	0.191738	11,050	-
Sep 28, 2016	0.197915	0.212750	0.184495	0.194798	6,354	-
Sep 27, 2016	0.202473	0.202473	0.179976	0.197913	19,806	-
Sep 26, 2016	0.199118	0.224506	0.193879	0.202491	9,657	-
Sep 25, 2016	0.213843	0.224547	0.192797	0.198994	3,075	-
Sep 24, 2016	0.243321	0.254850	0.213843	0.213843	21,740	-
Sep 23, 2016	0.252745	0.277371	0.241462	0.243237	16,845	-
Sep 22, 2016	0.303806	0.308768	0.252592	0.252723	54,002	-
Sep 21, 2016	0.312539	0.318675	0.303564	0.303794	156	-
Sep 20, 2016	0.331291	0.336507	0.309502	0.312621	1,171	-
Sep 19, 2016	0.384877	0.384881	0.331207	0.331296	1,448	-
Sep 18, 2016	0.426591	0.427137	0.384916	0.384916	105,159	-
Sep 17, 2016	0.388924	0.427314	0.388896	0.426568	21,060	-
Sep 16, 2016	0.349726	0.389464	0.348948	0.388858	15,105	-
Sep 15, 2016	0.325188	0.365124	0.325024	0.349832	1,982	-
Sep 14, 2016	0.309516	0.337779	0.306223	0.325127	4,129	-
Sep 13, 2016	0.374469	0.375092	0.301766	0.309509	3,337	-
Sep 12, 2016	0.376312	0.376671	0.360443	0.374598	1,116	-
Sep 11, 2016	0.390948	0.398459	0.372790	0.376150	879	-
Sep 10, 2016	0.558536	0.559143	0.370960	0.391001	811	-
Sep 09, 2016	0.181483	0.558951	0.181357	0.558478	1,349	-
