Aug 02, 2018	5.94	6.00	5.53	5.55	45,873,400	832,622,724
Aug 01, 2018	6.15	6.15	5.78	5.92	66,545,900	862,184,338
Jul 31, 2018	6.68	6.69	6.03	6.15	41,831,000	936,847,261
Jul 30, 2018	6.83	6.90	6.60	6.67	61,047,700	958,560,450
Jul 29, 2018	6.91	6.96	6.80	6.83	52,491,700	968,648,320
Jul 28, 2018	7.02	7.04	6.85	6.90	38,823,800	984,090,752
Jul 27, 2018	6.85	7.06	6.78	7.02	46,417,200	960,509,888
Jul 26, 2018	7.12	7.30	6.84	6.84	34,841,700	998,865,600
Jul 25, 2018	7.13	7.19	6.99	7.13	42,619,900	1,000,589,248
Jul 24, 2018	6.81	7.22	6.73	7.17	55,308,600	954,967,360
Jul 23, 2018	7.15	7.32	6.79	6.79	29,158,200	1,002,185,152
Jul 22, 2018	6.98	7.34	6.87	7.15	30,473,800	978,337,920
Jul 21, 2018	6.74	7.09	6.64	6.97	22,341,500	944,712,576
Jul 20, 2018	7.55	7.56	6.73	6.74	33,970,400	1,059,476,864
Jul 19, 2018	7.88	8.06	7.51	7.57	65,153,200	1,105,802,752
Jul 18, 2018	7.86	8.33	7.78	7.89	58,329,400	1,101,678,080
Jul 17, 2018	7.46	7.89	7.23	7.86	41,531,200	1,046,888,448
Jul 16, 2018	6.86	7.47	6.80	7.47	33,432,200	961,913,728
Jul 15, 2018	6.73	6.94	6.68	6.85	23,081,900	943,781,376
Jul 14, 2018	6.73	6.90	6.72	6.73	21,307,000	944,453,184
Jul 13, 2018	6.72	7.18	6.71	6.74	30,547,500	942,903,488
Jul 12, 2018	6.88	6.90	6.55	6.69	25,113,200	964,233,408
Jul 11, 2018	6.86	7.00	6.68	6.88	26,385,100	961,608,000
Jul 10, 2018	7.26	7.45	6.85	6.85	35,271,400	740,572,800
Jul 09, 2018	7.85	7.89	7.18	7.26	40,761,300	800,708,480
Jul 08, 2018	8.21	8.36	7.83	7.84	29,905,000	837,550,976
Jul 07, 2018	8.10	8.24	7.66	8.23	30,547,300	826,725,312
Jul 06, 2018	8.19	8.21	7.88	8.11	30,249,100	835,962,176
Jul 05, 2018	8.17	8.36	7.98	8.19	29,959,400	833,866,240
Jul 04, 2018	8.00	8.52	7.82	8.15	32,650,300	816,601,600
Jul 03, 2018	8.35	8.71	7.96	8.00	39,613,600	852,330,816
Jul 02, 2018	8.07	8.64	7.84	8.37	35,895,700	823,508,864
Jul 01, 2018	7.61	8.28	7.61	8.12	47,072,300	776,735,616
Jun 30, 2018	7.20	7.70	7.15	7.59	22,759,600	734,376,768
Jun 29, 2018	6.79	7.25	6.73	7.20	21,350,700	693,072,000
Jun 28, 2018	7.26	7.50	6.77	6.79	25,485,000	740,930,176
Jun 27, 2018	7.24	7.30	7.14	7.25	18,861,600	738,588,608
Jun 26, 2018	7.85	7.87	7.27	7.27	17,106,100	800,680,256
Jun 25, 2018	7.82	8.06	7.57	7.84	18,410,300	798,137,600
Jun 24, 2018	8.20	8.21	7.25	7.83	25,100,200	836,733,120
Jun 23, 2018	8.23	8.39	7.95	8.20	17,019,300	839,566,272
Jun 22, 2018	8.95	8.97	8.12	8.24	29,074,200	913,136,320
Jun 21, 2018	9.13	9.22	8.91	8.93	15,787,800	931,202,432
Jun 20, 2018	9.24	9.25	8.94	9.12	20,301,600	942,457,536
Jun 19, 2018	9.43	9.54	9.18	9.24	21,339,100	962,530,304
Jun 18, 2018	9.06	9.61	8.96	9.43	19,742,000	924,594,624
Jun 17, 2018	9.18	9.29	9.06	9.08	17,789,000	936,484,608
Jun 16, 2018	8.93	9.41	8.93	9.16	21,213,000	910,909,632
Jun 15, 2018	9.46	9.49	8.90	8.95	27,561,400	965,107,648
Jun 14, 2018	8.81	9.63	8.81	9.46	50,523,800	899,048,320
Jun 13, 2018	9.08	9.27	8.69	8.81	46,390,200	926,721,792
Jun 12, 2018	10.00	10.10	9.03	9.06	41,821,200	1,020,525,440
Jun 11, 2018	9.49	9.99	9.31	9.99	35,785,400	968,690,048
Jun 10, 2018	10.73	10.73	9.37	9.48	42,230,200	1,095,385,344
Jun 09, 2018	11.11	11.23	10.76	10.76	33,837,000	1,133,760,256
Jun 08, 2018	11.44	11.50	11.00	11.10	37,601,400	1,167,172,736
Jun 07, 2018	11.06	11.98	11.06	11.43	44,687,900	1,128,843,520
Jun 06, 2018	11.33	11.36	10.80	11.07	48,931,100	1,155,725,824
Jun 05, 2018	11.12	11.48	10.64	11.31	48,334,800	1,134,244,352
Jun 04, 2018	11.79	12.01	10.92	11.10	57,932,500	1,203,373,952
Jun 03, 2018	11.55	12.30	11.55	11.78	65,306,600	1,178,559,616
Jun 02, 2018	10.81	11.83	10.71	11.55	79,031,200	1,102,802,688
Jun 01, 2018	10.56	10.84	10.37	10.81	58,000,500	1,077,623,808
May 31, 2018	10.31	10.89	10.29	10.55	50,501,700	1,051,795,328
May 30, 2018	10.52	10.84	9.98	10.33	45,997,000	1,073,783,680
May 29, 2018	9.64	10.75	9.56	10.52	45,009,000	983,545,536
May 28, 2018	10.42	10.59	9.61	9.64	36,995,300	1,063,432,192
May 27, 2018	10.78	10.78	10.28	10.42	39,393,500	1,100,302,208
May 26, 2018	10.71	11.16	10.55	10.78	35,272,400	1,093,208,320
May 25, 2018	11.19	11.48	10.61	10.72	40,454,300	1,141,530,240
May 24, 2018	10.63	11.34	10.22	11.15	47,290,900	1,085,015,808
May 23, 2018	11.51	11.60	10.13	10.65	46,023,500	1,174,211,584
May 22, 2018	12.57	12.91	11.47	11.53	27,751,100	1,282,713,344
May 21, 2018	13.04	13.14	12.32	12.57	28,183,300	1,330,239,744
May 20, 2018	12.52	13.24	12.41	13.02	37,409,600	1,277,437,056
May 19, 2018	12.52	12.88	12.37	12.51	32,444,300	1,277,527,936
May 18, 2018	12.38	12.78	12.11	12.52	38,880,800	1,263,024,384
May 17, 2018	13.17	13.58	12.29	12.41	38,815,700	1,343,441,920
May 16, 2018	13.55	13.55	12.83	13.17	32,027,500	1,382,196,480
May 15, 2018	14.24	14.48	13.52	13.57	32,125,800	1,452,840,448
May 14, 2018	14.25	14.60	13.31	14.25	46,665,600	1,454,162,176
May 13, 2018	13.72	14.65	13.43	14.28	39,654,500	1,400,342,528
May 12, 2018	13.33	14.11	12.63	13.70	39,982,700	1,360,279,552
May 11, 2018	15.30	15.30	13.16	13.37	58,339,000	1,561,135,616
May 10, 2018	16.18	16.39	15.31	15.31	45,211,900	1,651,458,176
May 09, 2018	16.04	16.68	15.39	16.18	48,365,400	1,636,777,600
May 08, 2018	16.68	16.88	15.83	16.05	43,030,100	1,702,002,304
May 07, 2018	16.92	16.96	15.79	16.61	51,355,400	1,726,467,968
May 06, 2018	17.40	17.63	16.50	16.92	45,342,000	1,775,485,824
May 05, 2018	17.80	17.91	17.36	17.39	55,580,400	1,816,628,992
May 04, 2018	18.18	18.18	17.20	17.81	70,046,496	1,855,549,696
May 03, 2018	17.24	18.71	17.11	18.22	134,736,992	1,759,152,512
May 02, 2018	16.96	17.29	16.69	17.24	73,425,104	1,730,955,392
May 01, 2018	16.99	17.08	16.07	16.99	58,684,400	1,733,212,672
Apr 30, 2018	18.05	18.06	16.81	16.95	68,967,800	1,841,910,656
Apr 29, 2018	18.08	18.46	17.14	18.09	93,513,696	1,844,695,552
Apr 28, 2018	17.36	18.30	17.31	18.08	79,047,200	1,771,263,104
Apr 27, 2018	18.17	19.02	17.41	17.41	143,819,008	1,854,269,696
Apr 26, 2018	15.72	21.37	15.19	18.22	675,097,984	1,604,065,920
Apr 25, 2018	18.05	18.05	14.87	15.59	122,642,000	1,841,679,232
Apr 24, 2018	15.84	18.65	15.78	18.16	153,864,992	1,616,377,728
Apr 23, 2018	15.19	15.94	15.16	15.85	58,387,200	1,549,987,456
Apr 22, 2018	15.37	15.89	15.13	15.19	57,141,600	1,567,943,808
Apr 21, 2018	16.27	16.27	14.48	15.40	91,124,800	1,659,942,784
Apr 20, 2018	15.72	16.40	15.25	16.23	126,297,000	1,603,695,488
Apr 19, 2018	15.02	15.96	14.91	15.73	125,155,000	1,533,032,192
Apr 18, 2018	14.56	15.15	14.36	15.02	84,420,304	1,486,150,272
Apr 17, 2018	15.36	15.69	14.21	14.24	151,960,000	1,567,255,552
Apr 16, 2018	14.10	15.59	13.20	15.44	222,730,000	1,439,000,192
Apr 15, 2018	13.88	14.36	13.82	14.10	68,222,200	1,416,296,320
Apr 14, 2018	12.98	13.96	12.98	13.66	109,430,000	1,324,711,296
Apr 13, 2018	12.04	16.06	11.65	12.67	349,808,992	1,228,498,816
Apr 12, 2018	9.80	12.20	9.47	12.02	119,743,000	1,000,004,480
Apr 11, 2018	9.24	9.82	9.24	9.82	37,589,500	942,657,792
Apr 10, 2018	9.10	9.30	8.90	9.25	28,200,500	928,326,080
Apr 09, 2018	9.58	9.82	8.92	9.10	29,849,700	977,605,568
Apr 08, 2018	9.39	9.66	9.24	9.56	22,099,000	958,482,560
Apr 07, 2018	9.29	9.61	9.11	9.39	31,193,800	948,026,688
Apr 06, 2018	8.88	9.51	8.75	9.32	63,649,300	905,814,592
Apr 05, 2018	8.24	9.64	8.10	8.94	86,820,000	841,194,560
Apr 04, 2018	9.50	9.50	8.19	8.25	29,824,900	969,026,688
Apr 03, 2018	8.79	9.78	8.71	9.52	38,323,300	897,042,944
Apr 02, 2018	8.12	9.39	8.07	8.75	48,495,000	828,519,168
Apr 01, 2018	8.23	8.42	7.52	8.09	24,526,400	839,396,480
Mar 31, 2018	8.28	8.73	8.16	8.23	21,296,300	845,157,824
Mar 30, 2018	8.43	8.67	8.00	8.28	31,776,100	860,625,152
Mar 29, 2018	9.73	9.80	8.35	8.46	34,338,700	993,020,032
Mar 28, 2018	9.75	10.24	9.68	9.73	20,930,600	994,676,096
Mar 27, 2018	10.33	10.38	9.38	9.77	23,759,900	1,054,596,416
Mar 26, 2018	10.87	10.93	9.47	10.34	31,909,400	1,108,812,800
Mar 25, 2018	11.03	11.15	10.66	10.88	21,690,300	1,125,301,760
Mar 24, 2018	11.59	11.76	11.03	11.10	29,693,200	1,182,374,400
Mar 23, 2018	11.53	11.53	10.59	11.50	30,954,000	1,176,996,352
Mar 22, 2018	11.86	12.39	10.78	11.57	36,755,900	1,210,439,936
Mar 21, 2018	12.15	12.65	11.56	11.86	33,733,200	1,240,033,024
Mar 20, 2018	11.54	12.53	10.66	12.08	46,839,900	1,177,689,728
Mar 19, 2018	10.52	11.45	10.06	11.45	42,172,600	1,073,394,560
Mar 18, 2018	9.83	10.53	8.44	10.47	39,837,300	1,002,780,096
Mar 17, 2018	11.22	11.26	9.82	9.86	30,985,800	1,145,242,624
Mar 16, 2018	11.32	11.83	10.83	11.22	28,698,800	1,155,633,792
Mar 15, 2018	11.70	11.73	10.34	11.31	44,593,200	1,193,948,928
Mar 14, 2018	13.61	13.75	11.34	11.69	28,942,400	1,388,967,168
Mar 13, 2018	13.74	14.14	12.98	13.75	24,721,000	1,401,835,904
Mar 12, 2018	14.66	14.84	13.47	13.78	23,439,900	1,496,026,240
Mar 11, 2018	13.41	14.98	12.85	14.68	30,486,600	1,368,721,536
Mar 10, 2018	15.01	15.36	13.25	13.44	44,982,900	1,531,684,224
Mar 09, 2018	13.72	15.11	11.75	15.02	59,857,400	1,400,493,696
Mar 08, 2018	14.47	15.27	13.37	13.74	41,855,800	1,476,879,872
Mar 07, 2018	15.87	16.46	13.71	14.50	52,446,000	1,619,227,904
Mar 06, 2018	17.20	17.20	15.57	15.86	38,911,600	1,755,257,472
Mar 05, 2018	17.96	18.08	17.16	17.22	39,490,400	1,832,476,672
Mar 04, 2018	17.88	18.48	17.09	17.94	39,416,700	1,824,378,240
Mar 03, 2018	18.52	19.02	17.72	17.90	49,308,100	1,889,884,160
Mar 02, 2018	19.19	19.36	17.82	18.52	50,691,600	1,958,276,864
Mar 01, 2018	18.61	19.95	18.46	19.21	67,000,600	1,899,330,304
Feb 28, 2018	20.13	20.93	18.62	18.62	108,895,000	2,054,372,992
Feb 27, 2018	18.01	20.90	17.80	20.14	114,453,000	1,837,966,592
Feb 26, 2018	16.77	18.21	16.29	17.97	37,163,300	1,711,415,936
Feb 25, 2018	16.72	17.48	16.32	16.77	36,436,400	1,706,350,464
Feb 24, 2018	17.51	18.46	16.49	16.75	51,605,900	1,786,502,016
Feb 23, 2018	16.54	17.96	15.83	17.57	63,981,000	1,687,410,816
Feb 22, 2018	18.05	18.72	15.96	16.60	65,150,100	1,842,338,432
Feb 21, 2018	18.32	19.54	17.39	18.06	110,798,000	1,869,530,624
Feb 20, 2018	17.72	20.20	17.71	18.40	109,202,000	1,807,995,776
Feb 19, 2018	16.49	18.37	16.32	17.69	54,814,700	1,682,865,152
Feb 18, 2018	18.32	18.41	16.35	16.66	42,287,800	1,869,768,704
Feb 17, 2018	18.17	18.64	17.69	18.29	59,295,600	1,853,772,416
Feb 16, 2018	16.67	18.23	16.03	18.17	81,337,504	1,701,368,960
Feb 15, 2018	15.63	16.71	14.99	16.67	54,142,700	1,594,792,320
Feb 14, 2018	12.97	15.72	12.97	15.66	91,650,800	1,323,573,376
Feb 13, 2018	12.88	13.06	12.31	12.99	23,326,000	1,314,364,288
Feb 12, 2018	11.95	13.00	11.93	12.84	24,588,600	1,219,238,016
Feb 11, 2018	12.54	12.67	11.06	11.86	29,981,600	1,279,746,688
Feb 10, 2018	13.20	13.88	11.93	12.51	43,385,500	1,346,834,304
Feb 09, 2018	12.21	13.21	11.56	13.20	41,973,800	1,246,080,512
Feb 08, 2018	10.88	12.26	10.88	11.89	31,563,700	1,110,478,848
Feb 07, 2018	11.32	12.55	10.17	10.90	36,639,600	1,155,154,304
Feb 06, 2018	9.31	11.39	7.39	11.37	56,968,000	949,741,952
Feb 05, 2018	11.92	12.68	8.75	9.27	45,236,500	1,216,630,272
Feb 04, 2018	14.09	14.16	11.72	12.06	36,225,800	1,437,594,624
Feb 03, 2018	13.35	14.30	12.20	14.05	31,593,400	1,362,476,416
Feb 02, 2018	13.97	13.97	10.54	13.25	62,454,300	1,425,463,680
Feb 01, 2018	15.85	15.95	13.25	13.99	60,157,800	1,617,381,248
Jan 31, 2018	14.90	15.85	14.16	15.74	71,504,304	1,520,478,336
Jan 30, 2018	16.89	17.86	14.67	14.92	96,893,296	1,723,529,600
Jan 29, 2018	17.15	17.35	16.04	16.91	46,635,600	1,750,092,928
Jan 28, 2018	16.06	17.29	15.77	17.09	83,798,896	1,638,530,048
Jan 27, 2018	16.60	16.77	15.79	15.98	99,130,000	1,693,914,240
Jan 26, 2018	17.93	18.58	14.93	16.58	145,708,992	1,829,137,536
Jan 25, 2018	18.05	19.12	16.67	17.96	79,337,504	1,841,762,304
Jan 24, 2018	16.05	18.50	15.48	17.85	72,241,696	1,637,565,312
Jan 23, 2018	15.66	16.62	14.30	16.05	58,931,400	1,597,700,096
Jan 22, 2018	17.14	17.96	14.22	15.66	70,101,200	1,748,670,208
Jan 21, 2018	19.74	19.74	16.41	16.97	55,861,100	2,013,841,408
Jan 20, 2018	18.63	19.95	18.63	19.71	89,103,800	1,901,097,216
Jan 19, 2018	17.62	18.94	17.08	18.43	72,477,800	1,798,363,776
Jan 18, 2018	18.23	19.45	17.16	17.73	87,971,600	1,860,284,288
Jan 17, 2018	17.30	18.91	12.41	18.06	114,904,000	1,765,469,952
Jan 16, 2018	22.50	22.50	13.91	17.38	132,224,000	2,296,444,672
Jan 15, 2018	23.70	24.62	22.46	22.46	91,802,400	2,418,185,984
Jan 14, 2018	25.72	25.81	22.24	23.83	74,017,296	2,624,620,032
Jan 13, 2018	22.83	26.07	22.66	25.72	120,921,000	2,329,565,184
Jan 12, 2018	21.70	23.18	20.85	22.84	83,835,504	2,214,089,216
Jan 11, 2018	23.46	23.82	19.34	21.66	122,602,000	2,393,480,192
Jan 10, 2018	25.40	25.40	21.90	23.35	137,934,000	2,591,745,280
Jan 09, 2018	23.84	26.11	22.92	25.29	191,508,992	2,432,846,848
Jan 08, 2018	24.39	28.35	20.69	23.89	382,895,008	2,489,288,192
Jan 07, 2018	19.31	24.41	19.28	24.41	250,608,992	1,970,167,936
Jan 06, 2018	18.70	19.76	18.12	19.31	99,421,600	1,908,505,600
Jan 05, 2018	19.81	20.40	18.12	18.69	138,392,992	2,021,048,576
Jan 04, 2018	20.60	21.94	19.63	19.93	150,260,000	2,101,861,376
Jan 03, 2018	20.15	20.98	19.07	20.54	139,039,008	2,055,971,840
Jan 02, 2018	19.34	22.24	18.73	20.30	229,552,992	1,973,977,344
Jan 01, 2018	19.60	20.99	18.25	19.33	166,860,000	1,999,549,184
Dec 31, 2017	16.01	21.61	15.46	19.89	349,531,008	1,634,170,752
Dec 30, 2017	15.95	16.57	13.02	16.57	124,915,000	1,627,313,920
Dec 29, 2017	15.16	16.71	14.54	16.02	121,258,000	1,547,149,440
Dec 28, 2017	15.00	15.17	13.03	15.09	69,410,704	1,530,372,608
Dec 27, 2017	15.25	15.78	14.22	15.04	65,350,300	1,555,920,768
Dec 26, 2017	15.60	16.20	14.57	15.24	89,081,800	1,591,608,448
Dec 25, 2017	14.54	15.69	14.12	15.64	91,485,296	1,483,621,888
Dec 24, 2017	14.53	14.53	11.84	14.35	87,459,296	1,482,554,112
Dec 23, 2017	13.16	15.75	12.84	14.41	106,232,000	1,342,484,096
Dec 22, 2017	17.53	17.53	9.67	12.88	210,268,992	1,789,151,104
Dec 21, 2017	17.87	18.84	16.12	17.12	127,590,000	1,823,824,512
Dec 20, 2017	18.19	19.18	15.88	17.79	178,068,992	1,856,025,856
Dec 19, 2017	18.50	21.51	17.12	18.14	247,996,000	1,887,884,928
Dec 18, 2017	16.20	18.58	14.81	18.50	216,024,000	1,653,590,784
Dec 17, 2017	14.19	17.44	13.97	15.62	197,259,008	1,447,687,936
Dec 16, 2017	11.84	14.97	11.84	14.27	316,999,008	1,207,841,536
Dec 15, 2017	11.45	11.72	10.03	11.72	77,923,696	1,168,260,352
Dec 14, 2017	10.70	11.74	10.32	11.44	95,547,296	1,091,604,608
Dec 13, 2017	10.36	11.55	9.66	10.71	110,463,000	1,056,772,736
Dec 12, 2017	9.07	10.50	8.83	10.38	116,442,000	926,008,768
Dec 11, 2017	7.95	9.36	7.95	9.01	47,554,300	811,622,976
Dec 10, 2017	8.59	8.59	7.76	7.95	34,660,500	877,014,080
Dec 09, 2017	8.43	9.22	8.31	8.58	41,798,400	860,261,056
Dec 08, 2017	7.88	8.73	7.58	8.45	54,457,900	804,182,144
Dec 07, 2017	8.62	9.01	7.84	7.85	54,413,600	879,841,600
Dec 06, 2017	10.11	10.11	8.52	8.64	64,531,900	1,031,436,672
Dec 05, 2017	10.41	10.47	9.85	10.08	63,711,700	1,062,166,144
Dec 04, 2017	9.42	10.51	9.14	10.51	51,229,800	961,222,336
Dec 03, 2017	9.30	10.07	8.93	9.43	53,617,600	949,255,104
Dec 02, 2017	8.88	9.71	8.66	9.31	49,352,400	905,895,936
Dec 01, 2017	8.12	8.98	7.83	8.90	45,778,600	828,271,936
Nov 30, 2017	7.95	8.60	7.29	8.13	46,661,000	811,384,320
Nov 29, 2017	9.42	9.42	7.29	7.95	68,267,600	961,127,872
Nov 28, 2017	9.48	9.94	9.05	9.39	60,471,100	967,855,488
Nov 27, 2017	8.52	9.49	8.52	9.49	54,701,200	869,721,408
Nov 26, 2017	8.74	8.74	8.25	8.49	35,970,800	891,835,328
Nov 25, 2017	7.60	8.95	7.60	8.72	68,154,896	775,940,288
Nov 24, 2017	7.70	7.74	7.44	7.61	25,535,100	785,544,000
Nov 23, 2017	7.98	8.17	7.72	7.72	29,220,900	814,275,328
Nov 22, 2017	7.68	7.94	7.62	7.94	23,540,600	783,236,288
Nov 21, 2017	8.08	8.08	7.55	7.65	28,377,000	824,262,080
Nov 20, 2017	7.80	8.18	7.80	8.03	25,838,900	795,923,776
Nov 19, 2017	7.93	8.23	7.64	7.82	27,424,000	809,283,008
Nov 18, 2017	7.69	8.62	7.42	7.95	61,839,300	784,917,504
Nov 17, 2017	7.13	7.74	7.08	7.58	28,740,500	727,191,936
Nov 16, 2017	7.72	7.72	7.10	7.16	25,723,800	787,988,480
Nov 15, 2017	7.87	8.04	7.31	7.72	29,403,800	803,044,160
Nov 14, 2017	7.55	7.89	7.27	7.84	25,075,600	770,372,160
Nov 13, 2017	6.60	7.70	6.60	7.57	45,628,000	673,885,888
Nov 12, 2017	7.29	7.32	6.14	6.59	40,913,300	743,945,216
Nov 11, 2017	6.99	7.54	6.88	7.30	26,845,400	713,386,496
Nov 10, 2017	8.04	8.09	6.78	7.01	43,885,700	820,786,368
Nov 09, 2017	7.67	8.44	7.57	8.03	53,112,900	782,536,832
Nov 08, 2017	6.34	8.36	6.33	7.70	83,658,200	646,493,312
Nov 07, 2017	6.52	6.67	6.16	6.33	17,428,900	665,397,824
Nov 06, 2017	6.28	6.68	6.22	6.48	21,223,900	617,414,272
Nov 05, 2017	6.44	6.49	6.17	6.29	12,819,400	633,213,888
Nov 04, 2017	6.72	6.77	6.38	6.45	16,963,100	660,838,464
Nov 03, 2017	6.23	6.78	6.15	6.73	27,548,300	612,383,360
Nov 02, 2017	6.05	6.67	5.55	6.23	55,264,500	594,838,784
Nov 01, 2017	6.83	6.96	6.05	6.05	37,953,700	671,068,480
Oct 31, 2017	7.23	7.29	6.84	6.84	21,797,300	710,487,808
Oct 30, 2017	7.28	7.40	7.13	7.25	14,224,900	715,973,440
Oct 29, 2017	7.16	7.44	7.15	7.30	18,076,000	703,486,144
Oct 28, 2017	7.49	7.54	7.17	7.18	17,242,600	736,330,816
Oct 27, 2017	7.65	8.12	7.42	7.46	28,704,900	751,744,704
Oct 26, 2017	7.66	7.80	7.48	7.65	19,134,300	752,635,776
Oct 25, 2017	8.12	8.14	7.56	7.62	20,363,000	798,129,920
Oct 24, 2017	7.59	8.70	7.38	8.13	54,151,300	746,181,312
Oct 23, 2017	7.65	7.66	7.12	7.61	17,684,200	752,138,944
Oct 22, 2017	7.37	7.78	7.36	7.67	19,588,000	724,176,640
Oct 21, 2017	7.31	7.46	6.99	7.37	19,448,800	718,400,640
Oct 20, 2017	7.90	7.91	7.29	7.31	20,554,400	776,824,512
Oct 19, 2017	7.82	8.08	7.68	7.92	14,064,200	769,044,672
Oct 18, 2017	7.97	8.08	7.66	7.84	20,915,200	783,502,144
Oct 17, 2017	7.86	8.24	7.69	7.99	23,177,500	772,485,824
Oct 16, 2017	8.00	8.10	7.60	7.85	19,951,300	786,680,640
Oct 15, 2017	8.03	8.24	7.67	7.97	23,508,300	789,378,880
Oct 14, 2017	8.31	8.38	7.99	8.03	20,284,600	816,801,600
Oct 13, 2017	8.19	8.68	7.98	8.30	33,908,900	805,549,312
Oct 12, 2017	9.26	9.53	8.18	8.20	49,996,900	910,543,936
Oct 11, 2017	8.12	9.42	8.12	9.26	57,741,200	798,712,640
Oct 10, 2017	7.49	8.39	7.28	8.09	27,542,200	736,230,528
Oct 09, 2017	7.78	8.10	7.03	7.50	34,823,600	765,066,816
Oct 08, 2017	8.54	8.61	7.62	7.70	27,120,900	839,543,040
Oct 07, 2017	8.66	8.69	8.14	8.54	18,207,700	851,802,688
Oct 06, 2017	8.82	8.89	8.49	8.66	13,957,500	866,972,416
Oct 05, 2017	8.67	8.97	8.23	8.80	19,715,100	852,239,168
Oct 04, 2017	9.26	9.27	8.60	8.66	19,933,100	909,962,624
Oct 03, 2017	9.19	9.27	8.53	9.24	35,595,500	903,902,912
Oct 02, 2017	9.82	9.99	9.07	9.20	36,673,900	965,225,280
Oct 01, 2017	10.11	10.15	9.57	9.82	21,494,500	994,232,704
Sep 30, 2017	9.74	10.27	9.68	10.12	26,871,400	957,899,136
Sep 29, 2017	10.47	10.58	9.19	9.75	51,306,900	1,029,054,272
Sep 28, 2017	10.35	11.48	10.07	10.49	66,693,200	1,017,088,832
Sep 27, 2017	9.78	10.52	9.77	10.34	38,915,800	961,863,040
Sep 26, 2017	10.01	10.27	9.69	9.76	26,920,700	984,355,968
Sep 25, 2017	8.66	10.38	8.63	10.00	59,857,600	851,862,720
Sep 24, 2017	9.01	9.12	8.53	8.66	19,730,500	885,388,096
Sep 23, 2017	8.66	9.36	8.43	9.03	28,436,100	851,587,328
Sep 22, 2017	8.13	8.96	7.93	8.65	42,277,500	799,239,232
Sep 21, 2017	9.12	9.39	7.75	8.12	51,911,500	897,055,616
Sep 20, 2017	9.92	9.95	9.11	9.11	36,072,700	975,690,624
Sep 19, 2017	11.00	11.03	9.68	9.92	38,392,200	1,081,421,440
Sep 18, 2017	9.88	11.34	9.88	10.98	54,086,300	971,498,688
Sep 17, 2017	9.90	10.31	8.98	9.87	40,154,600	973,696,384
Sep 16, 2017	9.96	10.65	9.34	9.93	66,155,100	979,204,096
Sep 15, 2017	8.13	10.39	6.57	9.95	156,528,000	798,812,672
Sep 14, 2017	10.58	11.06	7.67	8.08	95,558,496	1,040,223,872
Sep 13, 2017	11.68	11.70	9.55	10.61	85,896,496	1,148,449,920
Sep 12, 2017	11.37	13.45	11.21	11.59	130,591,000	1,117,374,720
Sep 11, 2017	11.42	11.98	11.09	11.33	37,733,800	1,122,960,640
Sep 10, 2017	12.29	12.30	10.76	11.40	53,265,800	1,207,864,064
Sep 09, 2017	11.38	12.22	10.88	12.22	63,245,300	1,118,989,696
Sep 08, 2017	12.91	13.39	10.66	11.45	99,091,800	1,268,786,432
Sep 07, 2017	11.65	13.53	10.77	12.87	153,192,000	1,145,438,208
Sep 06, 2017	10.96	11.80	10.49	11.64	95,001,000	1,077,296,000
Sep 05, 2017	8.68	11.28	7.60	10.98	111,430,000	852,870,016
Sep 04, 2017	10.55	10.55	7.31	8.78	159,979,008	1,037,435,456
Sep 03, 2017	10.79	11.37	9.64	10.57	68,616,800	1,060,763,136
Sep 02, 2017	11.99	11.99	9.96	10.80	93,561,000	1,178,612,480
Sep 01, 2017	11.73	12.52	11.63	11.97	91,962,400	1,153,385,472
Aug 31, 2017	11.17	12.08	10.78	11.74	89,710,200	1,098,465,920
Aug 30, 2017	9.49	11.67	9.30	11.07	194,612,992	932,957,760
Aug 29, 2017	8.58	9.62	8.45	9.46	86,155,000	843,248,896
Aug 28, 2017	8.33	8.93	8.15	8.59	52,390,300	819,004,608
Aug 27, 2017	8.29	8.37	8.03	8.33	22,915,000	815,412,288
Aug 26, 2017	8.26	8.33	7.85	8.28	25,661,900	812,289,280
Aug 25, 2017	8.38	8.46	8.04	8.27	24,205,300	823,619,520
Aug 24, 2017	8.20	8.39	7.97	8.37	31,284,200	806,266,944
Aug 23, 2017	7.61	8.66	7.58	8.24	64,455,600	748,514,944
Aug 22, 2017	7.67	7.76	6.96	7.62	41,423,400	753,880,064
Aug 21, 2017	8.45	8.60	7.34	7.67	71,569,400	830,536,128
Aug 20, 2017	7.76	8.84	7.17	8.44	74,687,696	762,541,824
Aug 19, 2017	7.31	7.93	6.42	7.80	70,997,400	718,509,632
Aug 18, 2017	8.40	8.45	6.32	7.34	104,224,000	825,591,232
Aug 17, 2017	8.89	9.47	8.29	8.40	131,488,000	873,548,032
Aug 16, 2017	6.67	9.02	6.67	8.87	204,580,000	655,536,832
Aug 15, 2017	6.94	7.05	6.16	6.69	67,045,700	682,505,856
Aug 14, 2017	6.88	7.38	6.25	7.02	85,191,296	676,803,520
Aug 13, 2017	6.18	7.53	5.36	6.94	128,909,000	607,771,904
Aug 12, 2017	7.20	7.40	5.83	6.19	87,590,304	707,779,072
Aug 11, 2017	5.96	7.81	5.41	7.23	200,287,008	586,020,736
Aug 10, 2017	3.41	6.36	3.38	5.93	234,692,992	335,183,264
Aug 09, 2017	3.62	3.68	3.26	3.45	24,783,900	355,440,288
Aug 08, 2017	3.15	3.76	3.07	3.61	49,778,700	309,765,536
Aug 07, 2017	2.70	3.25	2.63	3.15	34,417,900	265,138,208
Aug 06, 2017	3.62	3.62	2.59	2.75	39,669,900	356,183,360
Aug 05, 2017	2.79	3.73	2.74	3.61	95,593,696	274,109,056
Aug 04, 2017	1.95	2.79	1.94	2.76	44,051,500	192,003,008
Aug 03, 2017	1.38	2.03	1.37	1.96	18,348,800	135,527,888
Aug 02, 2017	1.34	1.39	1.29	1.38	3,708,080	131,706,896
Aug 01, 2017	1.22	1.37	1.18	1.33	4,360,060	120,415,488
Jul 31, 2017	1.20	1.26	1.17	1.23	2,153,100	118,309,040
Jul 30, 2017	1.27	1.31	1.19	1.21	1,749,290	124,645,480
Jul 29, 2017	1.19	1.29	1.11	1.28	2,651,230	116,968,368
Jul 28, 2017	1.38	1.39	1.12	1.19	5,438,700	135,475,248
Jul 27, 2017	1.21	1.41	1.20	1.38	5,379,280	118,717,512
Jul 26, 2017	1.23	1.29	1.10	1.21	4,740,910	121,110,136
Jul 25, 2017	1.53	1.55	1.12	1.23	8,132,390	150,666,912
Jul 24, 2017	1.51	1.61	1.31	1.52	12,526,000	148,581,280
Jul 23, 2017	0.878973	1.59	0.850754	1.53	15,198,100	86,413,640
Jul 22, 2017	0.742038	0.886832	0.739422	0.878662	3,596,130	72,951,216
Jul 21, 2017	0.669754	0.786582	0.632858	0.753032	2,140,420	65,844,840
Jul 20, 2017	0.596119	0.717632	0.596119	0.659447	3,376,440	58,605,664
Jul 19, 2017	0.759290	0.797288	0.568905	0.583911	4,236,020	74,647,296
Jul 18, 2017	0.574224	0.894874	0.565539	0.759819	8,394,650	56,453,136
Jul 17, 2017	0.381684	0.598633	0.379345	0.582786	4,273,090	37,524,132
Jul 16, 2017	0.431081	0.494342	0.319695	0.384906	1,743,630	42,380,432
Jul 15, 2017	0.586446	0.652156	0.433351	0.433351	1,552,730	-
Jul 14, 2017	0.534731	0.775406	0.500232	0.582480	750,698	-
